<?xml version="1.0" encoding="UTF-8"?><feed xmlns="http://www.w3.org/2005/Atom"><id>urn:iweb:A26CDEDE-3056-45CE-8C19-6A12E010D4E2</id><title>Page list Atom feed</title><updated>2009-05-29T20:34:54-04:00</updated><link rel="self" href="feed.xml"/><generator>iWeb</generator><author><name>iWeb</name></author><entry><id>urn:iweb:0C7F71CF-A350-41C3-A80F-15C01D784FA1</id><title>Welcome</title><title xmlns="urn:iweb:">Welcome</title><in-navbar xmlns="urn:iweb:">0C7F71CF-A350-41C3-A80F-15C01D784FA1</in-navbar><link rel="alternate" href="Welcome.html"/><updated>2009-05-29T20:34:54.001-04:00</updated><content>Welcome</content></entry><entry><id>urn:iweb:95954BEF-48A9-4D37-ABD2-D2D6F6AB0BBC</id><title>Blog</title><title xmlns="urn:iweb:">Blog</title><in-navbar xmlns="urn:iweb:">95954BEF-48A9-4D37-ABD2-D2D6F6AB0BBC</in-navbar><link rel="alternate" href="Blog/Blog.html"/><updated>2007-01-23T12:29:52-05:00</updated><content>Blog</content></entry></feed>